Option 1,Option 2
"Refactor legacy spaghetti code","Write documentation for an entire project"
"Debug a race condition","Fix merge conflicts on a Friday evening"
"Work on a frontend app with no design specs","Build a backend with outdated APIs"
"Learn a new programming language every year","Master a single language deeply"
"Work with an unreliable coworker","Use a buggy IDE"
"Fix someone else's badly written code","Rewrite your own code from scratch"
"Work on a product you don't believe in but get paid well","Work on your dream project with low pay"
"Use tabs for indentation forever","Use spaces for indentation forever"
"Write code without an internet connection","Work without a debugger"
"Be on call for production issues every weekend","Never have weekends off from coding"
